Model,Accuracy,Precision,Recall,F1-Score,ROC AUC,Best Params
Logistic Regression,0.6495726495726496,0.723404255319149,0.8192771084337349,0.768361581920904,0.6739900779588944,"{'C': 0.001, 'penalty': 'l2'}"
Decision Tree,0.7008547008547008,0.7857142857142857,0.7951807228915663,0.7904191616766467,0.632884479092842,"{'max_depth': 15, 'min_samples_leaf': 1}"
Random Forest,0.717948717948718,0.7777777777777778,0.8433734939759037,0.8092485549132948,0.7882707299787385,"{'max_depth': None, 'min_samples_leaf': 1, 'n_estimators': 200}"
AdaBoost,0.7094017094017094,0.8450704225352113,0.7228915662650602,0.7792207792207793,0.7508858965272857,"{'learning_rate': 1, 'n_estimators': 300}"
XGBoost,0.6923076923076923,0.7526881720430108,0.8433734939759037,0.7954545454545454,0.7523033309709426,"{'learning_rate': 0.1, 'max_depth': 9, 'n_estimators': 300, 'subsample': 0.7}"
