Model,Accuracy,Precision,Recall,F1-Score,ROC AUC,Best Params
Logistic Regression,0.7264957264957265,0.9047619047619048,0.6867469879518072,0.7808219178082192,0.8160878809355068,"{'C': 10, 'penalty': 'l2'}"
Decision Tree,0.6752136752136753,0.7848101265822784,0.7469879518072289,0.7654320987654321,0.6234939759036144,"{'max_depth': None, 'min_samples_leaf': 1}"
Random Forest,0.717948717948718,0.7659574468085106,0.8674698795180723,0.8135593220338984,0.761516654854713,"{'max_depth': None, 'min_samples_leaf': 1, 'n_estimators': 300}"
AdaBoost,0.6923076923076923,0.873015873015873,0.6626506024096386,0.7534246575342466,0.7755138199858256,"{'learning_rate': 1, 'n_estimators': 100}"
XGBoost,0.7008547008547008,0.7553191489361702,0.8554216867469879,0.8022598870056498,0.7292700212615166,"{'learning_rate': 0.1, 'max_depth': 9, 'n_estimators': 300, 'subsample': 1.0}"
