Model,Accuracy,Precision,Recall,F1-Score
Logistic Regression,0.9875,1.0,0.9807692307692307,0.9902912621359223
Decision Tree,0.9875,1.0,0.9807692307692307,0.9902912621359223
Random Forest,1.0,1.0,1.0,1.0
AdaBoost,0.9875,1.0,0.9807692307692307,0.9902912621359223
XGBoost,0.9875,1.0,0.9807692307692307,0.9902912621359223
