Model,Accuracy,Precision,Recall,F1-Score,ROC AUC,Best Params
Logistic Regression,0.9230769230769231,0.9333333333333333,0.9655172413793104,0.9491525423728814,0.9310344827586207,{'C': 100}
Decision Tree,0.8461538461538461,0.896551724137931,0.896551724137931,0.896551724137931,0.7982758620689654,"{'max_depth': None, 'min_samples_leaf': 1}"
Random Forest,0.9230769230769231,0.9333333333333333,0.9655172413793104,0.9491525423728814,0.9500000000000001,"{'max_depth': None, 'n_estimators': 50}"
AdaBoost,0.8974358974358975,0.9310344827586207,0.9310344827586207,0.9310344827586207,0.9758620689655173,"{'learning_rate': 1, 'n_estimators': 200}"
XGBoost,0.9230769230769231,0.9333333333333333,0.9655172413793104,0.9491525423728814,0.9758620689655173,"{'learning_rate': 0.01, 'max_depth': 3, 'n_estimators': 200}"
